appeal,supreme,url
266/2022,54/2023,https://www.haestirettur.is/domar/_domur/?id=f7de6e20-479b-45a6-b39a-00f3099ca9d5
457/2021,51/2023,https://www.haestirettur.is/domar/_domur/?id=125bc90e-a008-462a-b465-79aef252ee29
499/2021,50/2023,https://www.haestirettur.is/domar/_domur/?id=e8b0b31b-e975-4fa1-a3e9-14400d5e9a07
181/2021,41/2023,https://www.haestirettur.is/domar/_domur/?id=2cb6240e-db4d-44a8-956b-39f2d539fbf5
418/2022,4/2024,https://www.haestirettur.is/domar/_domur/?id=a163c4fc-bb91-45dd-b098-923e2552c103
638/2022,24/2024,https://www.haestirettur.is/domar/_domur/?id=fb685505-5243-48de-b5d1-4200cf22e3d2
66/2024,20/2024,https://www.haestirettur.is/domar/_domur/?id=cb32820c-89d4-4b53-aaf7-e773c16c6fbf
217/2022,47/2023,https://www.haestirettur.is/domar/_domur/?id=8342c487-2c39-4d77-bfa3-18c3d3387c46
191/2023,2/2024,https://www.haestirettur.is/domar/_domur/?id=d5efc0c9-72ca-40de-baf9-0b6e8aeae3d7
365/2022,56/2023,https://www.haestirettur.is/domar/_domur/?id=c98d2c3a-9005-456c-afbb-eb9637e2936c
197/2022,52/2023,https://www.haestirettur.is/domar/_domur/?id=cdc3ef5b-6e88-4b16-a886-5644e6987ec1
248/2022,48/2023,https://www.haestirettur.is/domar/_domur/?id=2c88bf1e-8636-47b1-9ad1-9e84b38fc1fd
378/2024,23/2024,https://www.haestirettur.is/domar/_domur/?id=2aca3d13-5b7b-4f44-b468-2be566d54e6c
37/2022,34/2023,https://www.haestirettur.is/domar/_domur/?id=345b6e0a-fe6e-4a79-baae-0b7f410431dc
338/2022,57/2023,https://www.haestirettur.is/domar/_domur/?id=907cd252-265d-4a66-93b3-503c2f67384e
566/2022,16/2024,https://www.haestirettur.is/domar/_domur/?id=b4bf7b4a-45b4-48b3-8d96-e45d69aa5e90
25/2022,44/2023,https://www.haestirettur.is/domar/_domur/?id=eb44197e-8086-47c3-a25e-f042ab5c9c83
176/2023,17/2024,https://www.haestirettur.is/domar/_domur/?id=4e0ce4de-b9eb-4a0c-9397-0f92b5db9514
353/2022,5/2024,https://www.haestirettur.is/domar/_domur/?id=7ed45c27-8b81-4acb-8406-5fef040a710a
127/2022,42/2023,https://www.haestirettur.is/domar/_domur/?id=31eff867-b67a-4ca6-a47f-5d31a8322449
731/2022,14/2024,https://www.haestirettur.is/domar/_domur/?id=37f1ce5d-24a6-45aa-9bb8-e46740a6d77a
704/2023,1/2024,https://www.haestirettur.is/domar/_domur/?id=970eb8d4-6a88-4b5f-9f40-c013ad02454a
659/2021,23/2023,https://www.haestirettur.is/domar/_domur/?id=4e89599b-95e0-46b6-ae01-a3739ecbc1fd
658/2021,22/2023,https://www.haestirettur.is/domar/_domur/?id=212e19ab-510c-47c2-88ad-717ff2870980
657/2021,21/2023,https://www.haestirettur.is/domar/_domur/?id=475b645b-2f4e-4915-92fc-b98b4d131c3b
656/2021,20/2023,https://www.haestirettur.is/domar/_domur/?id=65ac593a-5a7f-4d4e-8396-4322f309a0fd
636/2022,13/2024,https://www.haestirettur.is/domar/_domur/?id=c2202bf9-603e-48b9-b9c6-3538fb2f0b74
140/2022,27/2023,https://www.haestirettur.is/domar/_domur/?id=00975cf2-1640-45ea-8a08-44bee5c5aa43
207/2022,30/2023,https://www.haestirettur.is/domar/_domur/?id=4b6b3aad-8759-401c-9e64-1a1c0141e65a
178/2022,33/2023,https://www.haestirettur.is/domar/_domur/?id=ac188192-b55f-45e0-8476-55c7edd3ede5
454/2021,29/2023,https://www.haestirettur.is/domar/_domur/?id=cf6d84f6-3428-47f4-88ef-7e778c0c0d70
745/2022,43/2023,https://www.haestirettur.is/domar/_domur/?id=77c95281-ad0a-4210-b2d9-a016fe8c64d7
427/2022,31/2023,https://www.haestirettur.is/domar/_domur/?id=65f3b280-6c1f-4654-ae38-14b7fdd71d94
799/2021,25/2023,https://www.haestirettur.is/domar/_domur/?id=e37333a0-1c80-4924-97df-b4a6133e1eb2
371/2021,43/2022,https://www.haestirettur.is/domar/_domur/?id=e9f25529-1dab-49e3-ad83-c017150f2e67
425/2021,19/2023,https://www.haestirettur.is/domar/_domur/?id=242a9624-f41d-41cd-becb-974e7cf65958
510/2021,18/2023,https://www.haestirettur.is/domar/_domur/?id=4aebefe8-f1bb-44f5-b4b0-91f6963e9f2c
498/2022,55/2023,https://www.haestirettur.is/domar/_domur/?id=0dec1e3d-c03e-4b8a-a520-0a1ef232c576
312/2023,40/2023,https://www.haestirettur.is/domar/_domur/?id=98e05ef0-ea08-4c44-94f8-a3fb5d32da6c
684/2021,12/2023,https://www.haestirettur.is/domar/_domur/?id=26478e3a-d826-427b-803d-be99a5187421
459/2022,53/2023,https://www.haestirettur.is/domar/_domur/?id=d9fdbae3-573d-4688-9410-eb591481846a
434/2023,49/2023,https://www.haestirettur.is/domar/_domur/?id=6657d877-6835-4d13-be08-caab6ba13b08
706/2021,17/2023,https://www.haestirettur.is/domar/_domur/?id=34e5d5ee-b160-4d9f-a868-df84ef3a8c68
467/2022,16/2023,https://www.haestirettur.is/domar/_domur/?id=f0f719f7-ef97-4df4-9601-b45aa3cbdb08
259/2021,13/2023,https://www.haestirettur.is/domar/_domur/?id=582c9da1-3274-423d-a73b-7b8159e4de6c
559/2021,9/2023,https://www.haestirettur.is/domar/_domur/?id=e3c6851b-6c66-4a63-817e-9091bf557e21
673/2023,46/2023,https://www.haestirettur.is/domar/_domur/?id=4c54e20a-1faa-41f8-a377-59397d676a99
308/2021,7/2023,https://www.haestirettur.is/domar/_domur/?id=2539e92c-51cd-4690-a9cb-d92ee806c995
544/2023,45/2023,https://www.haestirettur.is/domar/_domur/?id=f72207be-e8c8-4898-b367-d81ebab00752
282/2023,32/2023,https://www.haestirettur.is/domar/_domur/?id=64872393-b407-4d82-95a2-006a3867af93
501/2021,11/2023,https://www.haestirettur.is/domar/_domur/?id=d2f055e0-4032-4512-8614-fb0ba57cad19
465/2022,57/2022,https://www.haestirettur.is/domar/_domur/?id=e2d256a4-b219-472f-880b-1940c1715f02
117/2022,37/2023,https://www.haestirettur.is/domar/_domur/?id=3f15dfcc-6742-4f85-b86c-de07ec92268d
121/2022,38/2023,https://www.haestirettur.is/domar/_domur/?id=aa0b5c16-abdd-40eb-bcc5-ce4f78669723
251/2023,35/2023,https://www.haestirettur.is/domar/_domur/?id=023b5fea-c273-432d-8244-4ff3c0b93611
30/2023,26/2023,https://www.haestirettur.is/domar/_domur/?id=466ad104-111f-46f5-9a4e-d00827ee6746
414/2021,5/2023,https://www.haestirettur.is/domar/_domur/?id=285e4dda-3554-486c-8249-456dc5c0adeb
558/2021,4/2023,https://www.haestirettur.is/domar/_domur/?id=0e0d7ea0-d78e-4354-978b-302b8d2761e5
557/2021,3/2023,https://www.haestirettur.is/domar/_domur/?id=35264f71-4726-40d8-b937-9adcdee598cf
521/2021,2/2023,https://www.haestirettur.is/domar/_domur/?id=484cb7c7-8844-4cfd-90ac-dc72684a5853
268/2023,28/2023,https://www.haestirettur.is/domar/_domur/?id=0d20b4f8-0b8b-4a7d-8fb7-722ca9db6d00
735/2021,8/2023,https://www.haestirettur.is/domar/_domur/?id=907dcb38-5bee-414c-a473-55304273a96a
617/2022,10/2023,https://www.haestirettur.is/domar/_domur/?id=79572c2c-3a0b-499e-8a06-ed5f034cd6c8
60/2022,6/2023,https://www.haestirettur.is/domar/_domur/?id=645b99bd-114a-4e42-847d-43c0b341a276
438/2020,50/2022,https://www.haestirettur.is/domar/_domur/?id=c8105603-112f-4242-a55d-3c14dc54873b
36/2021,45/2022,https://www.haestirettur.is/domar/_domur/?id=70f6d247-6a1a-4d09-acd0-45680856d211
203/2021,47/2022,https://www.haestirettur.is/domar/_domur/?id=fa8ad70d-545d-469b-bc0a-bf4b16e4aa64
434/2021,52/2022,https://www.haestirettur.is/domar/_domur/?id=0826446b-6c98-4f19-bde2-be1b99aa3257
114/2021,44/2022,https://www.haestirettur.is/domar/_domur/?id=8f3ddea9-0a7d-42ec-ab46-1d771d4c5dde
191/2021,49/2022,https://www.haestirettur.is/domar/_domur/?id=652bebed-8a26-48cb-8676-eaf8fb51e30c
247/2021,48/2022,https://www.haestirettur.is/domar/_domur/?id=00b75a35-fc26-4a67-b5c8-cdda342df80a
181/2021,40/2022,https://www.haestirettur.is/domar/_domur/?id=454b304c-4479-464b-b520-df822f7a0d7c
299/2021,46/2022,https://www.haestirettur.is/domar/_domur/?id=8ac30fc7-4224-4a54-9ebd-bb56000fc965
617/2021,37/2022,https://www.haestirettur.is/domar/_domur/?id=6fc3158e-aa3f-445f-b545-781cfc886053
160/2021,36/2022,https://www.haestirettur.is/domar/_domur/?id=a5b9e43e-db86-487e-abdc-9f0783b75761
550/2021,1/2023,https://www.haestirettur.is/domar/_domur/?id=ea76c4a2-5aa9-4d2c-a1fb-71c6032389e8
475/2022,51/2022,https://www.haestirettur.is/domar/_domur/?id=03fb11d2-a4c7-447c-9250-cc04a7bcd2cd
584/2022,58/2022,https://www.haestirettur.is/domar/_domur/?id=d68103e1-5761-4beb-a0c3-8bc0e9642d92
676/2022,59/2022,https://www.haestirettur.is/domar/_domur/?id=deaca233-f2ee-47ba-b2dc-fd9a706ce5ad
686/2020,33/2022,https://www.haestirettur.is/domar/_domur/?id=423d1eea-818c-4293-b2b5-f962186666a4
391/2021,29/2022,https://www.haestirettur.is/domar/_domur/?id=05c97d8a-4650-4504-b41b-460e38ef36ad
330/2021,34/2022,https://www.haestirettur.is/domar/_domur/?id=6c965e57-9692-42bc-8092-389b97fbf7f8
384/2021,55/2022,https://www.haestirettur.is/domar/_domur/?id=b3c849ea-3f94-4d30-a4eb-b842dd9141c0
376/2021,35/2022,https://www.haestirettur.is/domar/_domur/?id=2d6a64e5-ea6e-418f-a1f3-b76d4c2791e0
630/2020,27/2022,https://www.haestirettur.is/domar/_domur/?id=51b825c2-55c6-4294-a5f0-1438f66e6105
472/2021,54/2022,https://www.haestirettur.is/domar/_domur/?id=aa70af6b-7406-4803-bb36-d534b11a9899
479/2022,53/2022,https://www.haestirettur.is/domar/_domur/?id=96d3dd92-2126-4c2d-94f9-1274f906cd13
167/2021,30/2022,https://www.haestirettur.is/domar/_domur/?id=03eeefaf-9392-4587-8ae0-b8d68997cb04
259/2021,32/2022,https://www.haestirettur.is/domar/_domur/?id=7ef37f85-f521-4f3a-bfb0-9ed9292fe575
708/2020,18/2022,https://www.haestirettur.is/domar/_domur/?id=4d1fbeb6-7437-49e9-a0b1-5f357ea7d624
510/2021,22/2022,https://www.haestirettur.is/domar/_domur/?id=016257de-47ce-4df0-889f-b1090226cac6
628/2020,20/2022,https://www.haestirettur.is/domar/_domur/?id=94cc2452-b0e5-409c-aea2-49057c7d4158
524/2020,2/2022,https://www.haestirettur.is/domar/_domur/?id=b746e145-1b9e-4868-9826-c5680341b40b
444/2021,31/2022,https://www.haestirettur.is/domar/_domur/?id=fb566382-d00e-4fcb-92e8-b80ebcc29184
561/2020,24/2022,https://www.haestirettur.is/domar/_domur/?id=0e48e96b-9d40-46ca-bbaf-5fc864b12689
560/2020,14/2022,https://www.haestirettur.is/domar/_domur/?id=279c63f9-c78a-4e3b-a508-bc9938068672
725/2020,39/2022,https://www.haestirettur.is/domar/_domur/?id=e2fccd1b-2a1b-4726-94e1-1c0d2b9f30aa
201/2022,41/2022,https://www.haestirettur.is/domar/_domur/?id=4f1f3d9b-1993-4bd3-867a-4ce91d806dc8
384/2020,4/2022,https://www.haestirettur.is/domar/_domur/?id=35c6ab01-17c1-44b6-b57f-01402880fa93
468/2020,3/2022,https://www.haestirettur.is/domar/_domur/?id=dfecb52b-9d20-407d-9dd0-afade3df5c3d
374/2020,53/2021,https://www.haestirettur.is/domar/_domur/?id=8c0624fb-9607-4af0-8e02-ddba8cb10fce
452/2020,26/2022,https://www.haestirettur.is/domar/_domur/?id=1a45e7bc-fb87-4d99-96d7-a9a6c0088cdb
497/2021,5/2022,https://www.haestirettur.is/domar/_domur/?id=6892b256-1966-407d-b6da-18cb4e1a17f9
69/2021,25/2022,https://www.haestirettur.is/domar/_domur/?id=6c1dcc23-6e6a-4dcc-bca1-1c4a24ff5b0c
199/2020,55/2021,https://www.haestirettur.is/domar/_domur/?id=dbc31916-eb83-452d-847a-e1f9ca8a616a
226/2021,50/2021,https://www.haestirettur.is/domar/_domur/?id=54410bd5-af1b-4b6d-ad72-ee326755a22e
531/2021,23/2022,https://www.haestirettur.is/domar/_domur/?id=74b17301-7fc4-47bd-9be9-50b00ea6dce9
256/2020,51/2021,https://www.haestirettur.is/domar/_domur/?id=32c5f2d9-03ce-4df1-a9dc-8b74083402c2
170/2020,41/2021,https://www.haestirettur.is/domar/_domur/?id=979d789a-42a3-441a-a9d2-4ef955a55d3c
799/2019,39/2021,https://www.haestirettur.is/domar/_domur/?id=3e8d9a68-f14a-49ab-9c10-2b3b50ed5483
331/2020,33/2021,https://www.haestirettur.is/domar/_domur/?id=9256ad0f-7bbc-424c-b646-e7a398a1a1f1
333/2020,34/2021,https://www.haestirettur.is/domar/_domur/?id=8460e2ba-3c11-4c7c-b14e-dfbd921e3750
332/2020,35/2021,https://www.haestirettur.is/domar/_domur/?id=1cf6d329-eaa6-405b-a7dd-1abb5e9232fd
536/2020,52/2021,https://www.haestirettur.is/domar/_domur/?id=80613bfa-4d52-487a-8415-9da81f158ea2
26/2020,47/2021,https://www.haestirettur.is/domar/_domur/?id=bbf12005-b4c1-45c6-876c-f7990176c789
186/2020,43/2021,https://www.haestirettur.is/domar/_domur/?id=e0598181-fb6b-4036-b283-05aaf5f1ab2d
113/2022,19/2022,https://www.haestirettur.is/domar/_domur/?id=44be7532-55fb-4946-9f06-00291cbe7d08
486/2020,42/2021,https://www.haestirettur.is/domar/_domur/?id=df1b22f6-1693-4fc8-a27b-6717294db5c1
383/2021,9/2022,https://www.haestirettur.is/domar/_domur/?id=32e8148b-414f-45d8-bbe7-ffc6c121050e
337/2020,46/2021,https://www.haestirettur.is/domar/_domur/?id=96adf4d5-8267-4be0-8a92-5a180067c8f3
507/2021,49/2021,https://www.haestirettur.is/domar/_domur/?id=5b548e34-2504-4ae4-a15f-6bedec0cdb5b
198/2020,38/2021,https://www.haestirettur.is/domar/_domur/?id=089fe0c2-0e06-4c16-80e4-c9a9d13a077a
228/2020,37/2021,https://www.haestirettur.is/domar/_domur/?id=7f0e97a3-be40-436e-9afc-5b6183579915
29/2020,32/2021,https://www.haestirettur.is/domar/_domur/?id=ab20c55d-243d-4eea-b892-de373484994b
711/2021,6/2022,https://www.haestirettur.is/domar/_domur/?id=e0a944bf-9127-4fc8-9a32-070ff74bae78
677/2021,1/2022,https://www.haestirettur.is/domar/_domur/?id=019cd31c-9527-4fe4-9b28-b5d8789bffa6
466/2020,54/2021,https://www.haestirettur.is/domar/_domur/?id=6b18eacb-b487-4009-bbb0-9a292f151165
702/2021,56/2021,https://www.haestirettur.is/domar/_domur/?id=61d2a71a-91a1-4974-b95a-af59a16bb1aa
528/2019,31/2021,https://www.haestirettur.is/domar/_domur/?id=79291f3a-c802-4c4a-afd2-ca26f6581285
409/2021,44/2021,https://www.haestirettur.is/domar/_domur/?id=7f6ea3c6-f809-4d76-b932-5c54814cc228
689/2019,30/2021,https://www.haestirettur.is/domar/_domur/?id=73389d48-6ea0-415c-b1f5-3de006b1c473
121/2020,25/2021,https://www.haestirettur.is/domar/_domur/?id=938425e2-5ba1-4971-811e-00e298d28203
798/2019,26/2021,https://www.haestirettur.is/domar/_domur/?id=0f3ed0d2-317d-4961-a750-520fa441bf6a
556/2021,48/2021,https://www.haestirettur.is/domar/_domur/?id=f427fba3-7eb2-490b-a4a9-d0d69e30d8b2
19/2019,28/2021,https://www.haestirettur.is/domar/_domur/?id=c9f19586-a8c7-484f-bcba-a0fe35c4ec7c
383/2021,45/2021,https://www.haestirettur.is/domar/_domur/?id=c5f57891-504d-4e4d-b2ad-b21d8995d7ef
268/2019,27/2021,https://www.haestirettur.is/domar/_domur/?id=8b5e441f-c26b-41a4-87eb-19bc1cbf74dd
739/2019,22/2021,https://www.haestirettur.is/domar/_domur/?id=52baa585-7feb-48e7-90e8-2bdc417154d3
724/2019,21/2021,https://www.haestirettur.is/domar/_domur/?id=f25603f2-5c6c-4b58-aed7-69d320ea4c72
371/2019,18/2021,https://www.haestirettur.is/domar/_domur/?id=b497f22f-d579-4b0b-9778-f1a5641845cc
478/2021,40/2021,https://www.haestirettur.is/domar/_domur/?id=cadb3732-8153-4be4-b9b5-3110a422b3ec
322/2019,41/2020,https://www.haestirettur.is/domar/_domur/?id=a34c203a-f779-492b-b40e-651911a32da9
817/2019,17/2021,https://www.haestirettur.is/domar/_domur/?id=e41f2c20-a90e-4dc5-bfb6-8c2d9a142959
752/2019,15/2021,https://www.haestirettur.is/domar/_domur/?id=437f0d39-6abc-429a-ac9e-319503750425
209/2021,36/2021,https://www.haestirettur.is/domar/_domur/?id=7c9f7ad7-0054-41ca-9066-88db5cf56ea2
726/2019,9/2021,https://www.haestirettur.is/domar/_domur/?id=51f464ff-4074-4f41-b0d5-8dd212403ac6
105/2020,29/2021,https://www.haestirettur.is/domar/_domur/?id=c0ddb7a4-594c-432d-9bda-e04e9385d0c8
723/2018,24/2021,https://www.haestirettur.is/domar/_domur/?id=857bc01d-0054-41b3-92e8-39d2b4270f6e
190/2021,23/2021,https://www.haestirettur.is/domar/_domur/?id=2f085533-ef72-4c35-a180-edd56e205278
7/2020,12/2021,https://www.haestirettur.is/domar/_domur/?id=3c367a93-cd22-4373-acf9-5caa4d9cb2c3
356/2020,8/2021,https://www.haestirettur.is/domar/_domur/?id=96e2fc20-aff8-478a-bec0-002bb03dcda5
825/2019,5/2021,https://www.haestirettur.is/domar/_domur/?id=a14fd6b4-433d-4458-925f-d4c1fc1d4700
452/2019,2/2021,https://www.haestirettur.is/domar/_domur/?id=bb384fd6-a9e8-4ad5-bc0d-a7e8de41204a
367/2019,40/2020,https://www.haestirettur.is/domar/_domur/?id=be7b4ed8-56a9-4b84-b134-c98fda60c0ca
125/2020,16/2021,https://www.haestirettur.is/domar/_domur/?id=023dd383-51d2-4ea9-b0e9-b8c8f2a3625a
555/2020,7/2021,https://www.haestirettur.is/domar/_domur/?id=e0fe95e7-b259-4bcf-b475-9b61452385be
496/2019,38/2020,https://www.haestirettur.is/domar/_domur/?id=176c5dbe-9ad3-401a-9d84-d76687598ba6
20/2019,29/2020,https://www.haestirettur.is/domar/_domur/?id=c9021b0e-2cbb-488a-9825-34e4433d8868
6/2020,14/2021,https://www.haestirettur.is/domar/_domur/?id=9c149bd6-556a-4d63-bc14-3fc6e6d93ccc
723/2018,34/2020,https://www.haestirettur.is/domar/_domur/?id=85d46fb5-397f-4cbf-b808-b492262a8572
57/2021,11/2021,https://www.haestirettur.is/default.aspx?pageid=0f2f6428-7b6a-11eb-947c-005056bc0bdb&id=1a4052cf-f083-4a11-b072-2547578b136f
58/2021,10/2021,https://www.haestirettur.is/default.aspx?pageid=0f2f6428-7b6a-11eb-947c-005056bc0bdb&id=7fda3e6c-46a5-4659-836b-087d8af17001
516/2018,26/2020,https://www.haestirettur.is/default.aspx?pageid=0f2f6428-7b6a-11eb-947c-005056bc0bdb&id=3766b63f-509c-43ed-af6f-ac738a7c5408
667/2020,13/2021,https://www.haestirettur.is/default.aspx?pageid=0f2f6428-7b6a-11eb-947c-005056bc0bdb&id=9b70d65c-527f-45d2-9429-50c59b0c1288
60/2019,30/2020,https://www.haestirettur.is/default.aspx?pageid=0f2f6428-7b6a-11eb-947c-005056bc0bdb&id=d3406746-8a3a-4dbe-a611-af5ac4f01883
632/2019,27/2020,https://www.haestirettur.is/default.aspx?pageid=0f2f6428-7b6a-11eb-947c-005056bc0bdb&id=b6a3fcb0-c38f-4785-ad70-17af3ab0e0f9
856/2018,23/2020,https://www.haestirettur.is/default.aspx?pageid=0f2f6428-7b6a-11eb-947c-005056bc0bdb&id=f15a4780-2f44-41a9-95b2-ce0868483761
857/2018,22/2020,https://www.haestirettur.is/default.aspx?pageid=0f2f6428-7b6a-11eb-947c-005056bc0bdb&id=4feb7ed1-dde8-4208-a216-79027fc9e2ea
42/2021,6/2021,https://www.haestirettur.is/default.aspx?pageid=0f2f6428-7b6a-11eb-947c-005056bc0bdb&id=682dc78b-001b-42b8-b715-a9e3ae268fcd
532/2018,9/2020,https://www.haestirettur.is/default.aspx?pageid=0f2f6428-7b6a-11eb-947c-005056bc0bdb&id=3bd2e892-0564-4dfd-afc6-acbde29dbee8
690/2019,28/2020,https://www.haestirettur.is/default.aspx?pageid=0f2f6428-7b6a-11eb-947c-005056bc0bdb&id=0cc0938c-5551-430f-9ea4-035aee43f7a6
287/2019,18/2020,https://www.haestirettur.is/default.aspx?pageid=0f2f6428-7b6a-11eb-947c-005056bc0bdb&id=f20816f1-d584-4738-92fb-a209b475d4d9
286/2019,17/2020,https://www.haestirettur.is/default.aspx?pageid=0f2f6428-7b6a-11eb-947c-005056bc0bdb&id=bd39b00b-93b8-41ea-9bd9-b6ba482ba7db
410/2020,36/2020,https://www.haestirettur.is/default.aspx?pageid=0f2f6428-7b6a-11eb-947c-005056bc0bdb&id=5530683b-bb13-4292-a799-38a61d318bdc
3/2021,1/2021,https://www.haestirettur.is/default.aspx?pageid=0f2f6428-7b6a-11eb-947c-005056bc0bdb&id=10c2b06a-d631-4474-b9e3-52829698be11
444/2019,37/2020,https://www.haestirettur.is/default.aspx?pageid=0f2f6428-7b6a-11eb-947c-005056bc0bdb&id=e99b632b-56fa-4da8-ae12-735a14e5359c
490/2018,42/2019,https://www.haestirettur.is/default.aspx?pageid=0f2f6428-7b6a-11eb-947c-005056bc0bdb&id=a1962b39-f939-4bdf-a1f6-9bb2fe439880
261/2019,24/2020,https://www.haestirettur.is/default.aspx?pageid=0f2f6428-7b6a-11eb-947c-005056bc0bdb&id=a5b62e42-b528-41c0-9eb8-048875864cb9
387/2019,25/2020,https://www.haestirettur.is/default.aspx?pageid=0f2f6428-7b6a-11eb-947c-005056bc0bdb&id=8ed0fefa-3f2f-4889-ab11-f8f3e8cdc340
258/2019,21/2020,https://www.haestirettur.is/default.aspx?pageid=0f2f6428-7b6a-11eb-947c-005056bc0bdb&id=ddb4be0e-6842-4919-8ce1-b5808aae55d5
259/2019,20/2020,https://www.haestirettur.is/default.aspx?pageid=0f2f6428-7b6a-11eb-947c-005056bc0bdb&id=5aee710b-cfff-470a-8787-ba2dd905030d
680/2019,32/2020,https://www.haestirettur.is/default.aspx?pageid=0f2f6428-7b6a-11eb-947c-005056bc0bdb&id=646db761-4d80-4137-bb22-fa92f8bf8b46
678/2019,31/2020,https://www.haestirettur.is/default.aspx?pageid=0f2f6428-7b6a-11eb-947c-005056bc0bdb&id=cb3cf462-accf-4d0f-9c04-ad7709c23852
147/2020,33/2020,https://www.haestirettur.is/default.aspx?pageid=0f2f6428-7b6a-11eb-947c-005056bc0bdb&id=b128e9e9-1270-428f-81d8-ac3a8637d09f
113/2019,14/2020,https://www.haestirettur.is/default.aspx?pageid=0f2f6428-7b6a-11eb-947c-005056bc0bdb&id=d9ba449f-18d0-4f87-98da-76ec6ff995e5
35/2019,19/2020,https://www.haestirettur.is/default.aspx?pageid=0f2f6428-7b6a-11eb-947c-005056bc0bdb&id=3754cec7-6662-4d22-8b4b-3ad45b6450a9
907/2018,16/2020,https://www.haestirettur.is/default.aspx?pageid=0f2f6428-7b6a-11eb-947c-005056bc0bdb&id=9e7a189b-834a-4731-9621-9c51d81cdf5f
260/2019,13/2020,https://www.haestirettur.is/default.aspx?pageid=0f2f6428-7b6a-11eb-947c-005056bc0bdb&id=8b253016-baa1-43c3-a9ca-5c410c71da86
862/2018,15/2020,https://www.haestirettur.is/default.aspx?pageid=0f2f6428-7b6a-11eb-947c-005056bc0bdb&id=b0e1a302-450b-4951-9a9b-707dda09623c
255/2019,10/2020,https://www.haestirettur.is/default.aspx?pageid=0f2f6428-7b6a-11eb-947c-005056bc0bdb&id=8b876eb5-fea2-4b3b-8b81-7b755ca26f19
782/2018,54/2019,https://www.haestirettur.is/default.aspx?pageid=0f2f6428-7b6a-11eb-947c-005056bc0bdb&id=2fbc8358-80f1-4d7b-accb-850a36e821fc
234/2019,6/2020,https://www.haestirettur.is/default.aspx?pageid=0f2f6428-7b6a-11eb-947c-005056bc0bdb&id=69f6eb8d-5218-425b-88b3-e2f1e813e053
900/2018,5/2020,https://www.haestirettur.is/default.aspx?pageid=0f2f6428-7b6a-11eb-947c-005056bc0bdb&id=81e34e06-dfb5-4223-b9a1-17be7650b297
217/2019,4/2020,https://www.haestirettur.is/default.aspx?pageid=0f2f6428-7b6a-11eb-947c-005056bc0bdb&id=447c90d6-7aee-4254-ad7d-d006481d41dc
847/2018,2/2020,https://www.haestirettur.is/default.aspx?pageid=0f2f6428-7b6a-11eb-947c-005056bc0bdb&id=b1461c45-e78d-4827-a2fd-21079dfc44a9
899/2018,3/2020,https://www.haestirettur.is/default.aspx?pageid=0f2f6428-7b6a-11eb-947c-005056bc0bdb&id=16a1d14a-e13e-4f0e-bc8e-61df7d914cd3
736/2018,57/2019,https://www.haestirettur.is/default.aspx?pageid=0f2f6428-7b6a-11eb-947c-005056bc0bdb&id=7cb61167-2d01-42b0-ac75-aa11c799ce42
928/2018,56/2019,https://www.haestirettur.is/default.aspx?pageid=0f2f6428-7b6a-11eb-947c-005056bc0bdb&id=68494966-e7f2-4938-aa3f-c5bd2699bf92
647/2018,39/2019,https://www.haestirettur.is/default.aspx?pageid=0f2f6428-7b6a-11eb-947c-005056bc0bdb&id=0247832b-bbaf-4318-ada2-9b859c712f9d
930/2018,55/2019,https://www.haestirettur.is/default.aspx?pageid=0f2f6428-7b6a-11eb-947c-005056bc0bdb&id=d558e0be-e529-4b4c-8d41-22b6b71dd2a7
825/2018,53/2019,https://www.haestirettur.is/default.aspx?pageid=0f2f6428-7b6a-11eb-947c-005056bc0bdb&id=4123ed90-3e1b-4068-86f0-dab01a50f0b8
804/2018,52/2019,https://www.haestirettur.is/default.aspx?pageid=0f2f6428-7b6a-11eb-947c-005056bc0bdb&id=a4015264-e337-4c39-9d04-f71991a71fce
784/2019,8/2020,https://www.haestirettur.is/default.aspx?pageid=0f2f6428-7b6a-11eb-947c-005056bc0bdb&id=3b488565-f5ca-44d7-a77d-dcdf2c790f40
783/2019,7/2020,https://www.haestirettur.is/default.aspx?pageid=0f2f6428-7b6a-11eb-947c-005056bc0bdb&id=b1441c1e-befb-4eab-b09e-4cb2b94de986
580/2019,11/2020,https://www.haestirettur.is/default.aspx?pageid=0f2f6428-7b6a-11eb-947c-005056bc0bdb&id=f709c0f3-52a9-428d-b787-fd90ffe43779
929/2018,51/2019,https://www.haestirettur.is/default.aspx?pageid=0f2f6428-7b6a-11eb-947c-005056bc0bdb&id=7bda2be6-c3a8-4afc-8b89-855d988a68b3
802/2018,50/2019,https://www.haestirettur.is/default.aspx?pageid=0f2f6428-7b6a-11eb-947c-005056bc0bdb&id=0a3bd702-eabb-4471-9d67-f61db9923eaa
511/2018,30/2019,https://www.haestirettur.is/default.aspx?pageid=0f2f6428-7b6a-11eb-947c-005056bc0bdb&id=23c0c045-83f3-4eff-a8eb-66dc577b5e1e
10/2019,1/2020,https://www.haestirettur.is/default.aspx?pageid=0f2f6428-7b6a-11eb-947c-005056bc0bdb&id=95446ba3-1cc2-4447-ad29-2aba56a53185
224/2019,12/2020,https://www.haestirettur.is/default.aspx?pageid=0f2f6428-7b6a-11eb-947c-005056bc0bdb&id=ed865e88-54d9-4810-81c3-06d970910346
421/2019,58/2019,https://www.haestirettur.is/default.aspx?pageid=0f2f6428-7b6a-11eb-947c-005056bc0bdb&id=d7c5c3af-37d0-4625-911a-2091f1a6b4f9
355/2019,49/2019,https://www.haestirettur.is/default.aspx?pageid=0f2f6428-7b6a-11eb-947c-005056bc0bdb&id=5e7b1978-12ad-4b8e-a3e5-656172c6f004
590/2018,19/2019,https://www.haestirettur.is/default.aspx?pageid=0f2f6428-7b6a-11eb-947c-005056bc0bdb&id=d2b48246-1946-4614-9088-8330218a02b4
596/2018,31/2019,https://www.haestirettur.is/default.aspx?pageid=0f2f6428-7b6a-11eb-947c-005056bc0bdb&id=ba845885-cb9a-44ea-81f9-71de9b0d27cd
763/2018,41/2019,https://www.haestirettur.is/default.aspx?pageid=0f2f6428-7b6a-11eb-947c-005056bc0bdb&id=141aa8ec-de3f-4af8-9e84-6048f64ff305
819/2018,36/2019,https://www.haestirettur.is/default.aspx?pageid=0f2f6428-7b6a-11eb-947c-005056bc0bdb&id=c3f94005-b766-4dfa-abd8-ca9039e47806
416/2018,40/2019,https://www.haestirettur.is/default.aspx?pageid=0f2f6428-7b6a-11eb-947c-005056bc0bdb&id=b03542ee-0041-4474-a8c9-dc72b3c33536
484/2018,25/2019,https://www.haestirettur.is/default.aspx?pageid=0f2f6428-7b6a-11eb-947c-005056bc0bdb&id=7ea9351f-6484-4003-9b22-73b66be28346
622/2018,38/2019,https://www.haestirettur.is/default.aspx?pageid=0f2f6428-7b6a-11eb-947c-005056bc0bdb&id=efd31f78-d599-4279-aba1-ece7c7780a1b
409/2018,22/2019,https://www.haestirettur.is/default.aspx?pageid=0f2f6428-7b6a-11eb-947c-005056bc0bdb&id=7f1ad4e6-7126-4541-bf91-9742e4674ae2
10/2019,47/2019,https://www.haestirettur.is/default.aspx?pageid=0f2f6428-7b6a-11eb-947c-005056bc0bdb&id=ddd49ded-3713-4c6e-bc04-5a3f13910c49
551/2018,21/2019,https://www.haestirettur.is/default.aspx?pageid=0f2f6428-7b6a-11eb-947c-005056bc0bdb&id=506444e3-354b-4ca5-aeac-40c1ee80575c
468/2018,18/2019,https://www.haestirettur.is/default.aspx?pageid=0f2f6428-7b6a-11eb-947c-005056bc0bdb&id=79a6eef8-2748-4535-b951-8e88b3aa29be
530/2018,17/2019,https://www.haestirettur.is/default.aspx?pageid=0f2f6428-7b6a-11eb-947c-005056bc0bdb&id=af6a62b9-be1c-4a44-abba-de516ff10a45
332/2018,45/2019,https://www.haestirettur.is/default.aspx?pageid=0f2f6428-7b6a-11eb-947c-005056bc0bdb&id=19d4164d-c670-4131-b438-ce8b3ee5c3f2
461/2019,44/2019,https://www.haestirettur.is/default.aspx?pageid=0f2f6428-7b6a-11eb-947c-005056bc0bdb&id=311c643d-0986-4dae-85e3-5b1975b96105
208/2019,32/2019,https://www.haestirettur.is/default.aspx?pageid=0f2f6428-7b6a-11eb-947c-005056bc0bdb&id=61f3c3d5-100e-4350-8e04-a4d99ec034cf
602/2018,27/2019,https://www.haestirettur.is/default.aspx?pageid=0f2f6428-7b6a-11eb-947c-005056bc0bdb&id=1d4ec1ae-087d-48fe-9cb3-4dc50c2a8e67
575/2018,23/2019,https://www.haestirettur.is/default.aspx?pageid=0f2f6428-7b6a-11eb-947c-005056bc0bdb&id=166f7297-035a-4e1e-aa7f-8ecac6efd257
549/2019,43/2019,https://www.haestirettur.is/default.aspx?pageid=0f2f6428-7b6a-11eb-947c-005056bc0bdb&id=855b6888-2026-423c-9d2a-97fa7035cc20
565/2018,26/2019,https://www.haestirettur.is/default.aspx?pageid=0f2f6428-7b6a-11eb-947c-005056bc0bdb&id=69de0445-0f48-4e3c-a553-4f0785fa5e5b
700/2018,33/2019,https://www.haestirettur.is/default.aspx?pageid=0f2f6428-7b6a-11eb-947c-005056bc0bdb&id=56586be9-e094-4566-8744-61bcb0a45029
321/2019,29/2019,https://www.haestirettur.is/default.aspx?pageid=0f2f6428-7b6a-11eb-947c-005056bc0bdb&id=6b0249de-340c-4c8c-9f34-b2049d1aba5e
482/2018,11/2019,https://www.haestirettur.is/default.aspx?pageid=0f2f6428-7b6a-11eb-947c-005056bc0bdb&id=b6245df7-27db-4a54-8499-f7d542061986
281/2018,10/2019,https://www.haestirettur.is/default.aspx?pageid=0f2f6428-7b6a-11eb-947c-005056bc0bdb&id=62364a8e-01d4-452a-aeb2-95b8d56a6664
302/2019,28/2019,https://www.haestirettur.is/default.aspx?pageid=0f2f6428-7b6a-11eb-947c-005056bc0bdb&id=d6b8c7b4-ce4d-4ec8-afbf-64746c71d0cb
66/2019,20/2019,https://www.haestirettur.is/default.aspx?pageid=0f2f6428-7b6a-11eb-947c-005056bc0bdb&id=7b43b9c1-3371-4058-84f8-52826b1f8be8
349/2018,8/2019,https://www.haestirettur.is/default.aspx?pageid=0f2f6428-7b6a-11eb-947c-005056bc0bdb&id=9f95316e-f4fc-4c99-8509-fab8a4cefdc7
44/2018,24/2019,https://www.haestirettur.is/default.aspx?pageid=0f2f6428-7b6a-11eb-947c-005056bc0bdb&id=ea3c4aa5-3488-456f-b331-a72b0f647e40
429/2018,9/2019,https://www.haestirettur.is/default.aspx?pageid=0f2f6428-7b6a-11eb-947c-005056bc0bdb&id=b0b0be23-ad26-4fe8-b431-e1df06bbf529
407/2018,5/2019,https://www.haestirettur.is/default.aspx?pageid=0f2f6428-7b6a-11eb-947c-005056bc0bdb&id=bbe376db-a2fc-421f-b896-f430dd5dcbf0
408/2018,6/2019,https://www.haestirettur.is/default.aspx?pageid=0f2f6428-7b6a-11eb-947c-005056bc0bdb&id=e4f76702-8f79-4b38-8a0d-44dc911004e9
377/2018,7/2019,https://www.haestirettur.is/default.aspx?pageid=0f2f6428-7b6a-11eb-947c-005056bc0bdb&id=7f4b8584-80d8-4fd8-a796-d82de9519d47
340/2018,3/2019,https://www.haestirettur.is/default.aspx?pageid=0f2f6428-7b6a-11eb-947c-005056bc0bdb&id=60c94c57-633d-499a-b3d8-f335f22f36e8
341/2018,4/2019,https://www.haestirettur.is/default.aspx?pageid=0f2f6428-7b6a-11eb-947c-005056bc0bdb&id=3c7c141b-2e6c-42c7-a41a-fae3eed38c39
61/2019,15/2019,https://www.haestirettur.is/default.aspx?pageid=0f2f6428-7b6a-11eb-947c-005056bc0bdb&id=54dcdd8a-ba9e-4579-9fdc-2ea447006548
174/2018,33/2018,https://www.haestirettur.is/default.aspx?pageid=0f2f6428-7b6a-11eb-947c-005056bc0bdb&id=02ebbfb4-1bac-4f25-ab65-a7e511b41ca7
400/2018,34/2018,https://www.haestirettur.is/default.aspx?pageid=0f2f6428-7b6a-11eb-947c-005056bc0bdb&id=40fbd630-9bf6-4039-9632-c71541767d09
633/2018,16/2019,https://www.haestirettur.is/default.aspx?pageid=0f2f6428-7b6a-11eb-947c-005056bc0bdb&id=820a94f5-60fc-478c-8cce-f4af20c45ff1
185/2018,31/2018,https://www.haestirettur.is/default.aspx?pageid=0f2f6428-7b6a-11eb-947c-005056bc0bdb&id=7e4a7329-245b-4856-b406-62bf78015914
445/2018,14/2019,https://www.haestirettur.is/default.aspx?pageid=0f2f6428-7b6a-11eb-947c-005056bc0bdb&id=4fa0065b-c289-42b3-a60b-7bb0df91ff12
188/2018,29/2018,https://www.haestirettur.is/default.aspx?pageid=0f2f6428-7b6a-11eb-947c-005056bc0bdb&id=7049e82a-f012-48f8-a44f-7e88543932e2
672/2018,12/2019,https://www.haestirettur.is/default.aspx?pageid=0f2f6428-7b6a-11eb-947c-005056bc0bdb&id=1b7d1002-c0a7-4cca-bd72-086752181a18
95/2018,19/2018,https://www.haestirettur.is/default.aspx?pageid=0f2f6428-7b6a-11eb-947c-005056bc0bdb&id=838d1c4c-4bcd-4376-927c-5d4582a5d9a9
220/2018,27/2018,https://www.haestirettur.is/default.aspx?pageid=0f2f6428-7b6a-11eb-947c-005056bc0bdb&id=b240b658-5d03-4896-94e9-115b9d9200d3
442/2018,26/2018,https://www.haestirettur.is/default.aspx?pageid=0f2f6428-7b6a-11eb-947c-005056bc0bdb&id=95b9db44-6e83-4514-92da-b4fd177f1a2b
112/2018,25/2018,https://www.haestirettur.is/default.aspx?pageid=0f2f6428-7b6a-11eb-947c-005056bc0bdb&id=e4180c4e-2484-434a-8a2d-8030ed7ca295
129/2018,21/2018,https://www.haestirettur.is/default.aspx?pageid=0f2f6428-7b6a-11eb-947c-005056bc0bdb&id=2a9f3b81-7c37-4022-b786-e4a67db47667
424/2018,18/2018,https://www.haestirettur.is/default.aspx?pageid=0f2f6428-7b6a-11eb-947c-005056bc0bdb&id=860df09c-e287-49cd-a018-f40b2fe8108e
1/2019,1/2019,https://www.haestirettur.is/default.aspx?pageid=0f2f6428-7b6a-11eb-947c-005056bc0bdb&id=873737c5-fa5d-4a05-ad60-4398594b38db
775/2018,32/2018,https://www.haestirettur.is/default.aspx?pageid=0f2f6428-7b6a-11eb-947c-005056bc0bdb&id=4c8a490a-8540-4436-bd8e-90b413a36437
275/2018,30/2018,https://www.haestirettur.is/default.aspx?pageid=0f2f6428-7b6a-11eb-947c-005056bc0bdb&id=2878e2f5-0e48-46c3-8729-25e387d4d87b
774/2018,28/2018,https://www.haestirettur.is/default.aspx?pageid=0f2f6428-7b6a-11eb-947c-005056bc0bdb&id=26ad17b8-979a-44ba-9c5b-6bb49f30ebc6
306/2018,23/2018,https://www.haestirettur.is/default.aspx?pageid=0f2f6428-7b6a-11eb-947c-005056bc0bdb&id=0a3bf36d-86ba-4bc0-b7c8-a2e26533e727
153/2018,22/2018,https://www.haestirettur.is/default.aspx?pageid=0f2f6428-7b6a-11eb-947c-005056bc0bdb&id=7752e3e3-858e-49ac-836a-6ecbde5f5263
653/2018,20/2018,https://www.haestirettur.is/default.aspx?pageid=0f2f6428-7b6a-11eb-947c-005056bc0bdb&id=8a437672-fe7d-4c61-bc7d-fef00b8f6d35
4/2018,11/2018,https://www.haestirettur.is/default.aspx?pageid=0f2f6428-7b6a-11eb-947c-005056bc0bdb&id=ad7ed949-614c-41dd-a3ed-23c8938c178a
319/2018,13/2018,https://www.haestirettur.is/default.aspx?pageid=0f2f6428-7b6a-11eb-947c-005056bc0bdb&id=2be4f4e9-f88c-4e98-9e3e-c4f83a7374d5
289/2018,15/2018,https://www.haestirettur.is/default.aspx?pageid=0f2f6428-7b6a-11eb-947c-005056bc0bdb&id=f2aecc31-e274-4278-930d-c23f7e629e46
129/2018,7/2018,https://www.haestirettur.is/default.aspx?pageid=0f2f6428-7b6a-11eb-947c-005056bc0bdb&id=ba641094-64ae-49be-9f38-f1c6fb9eaddb
189/2018,8/2018,https://www.haestirettur.is/default.aspx?pageid=0f2f6428-7b6a-11eb-947c-005056bc0bdb&id=caef0d6d-d2dc-4ea4-b642-c34f451dd452
227/2018,14/2018,https://www.haestirettur.is/default.aspx?pageid=0f2f6428-7b6a-11eb-947c-005056bc0bdb&id=b578bf12-b56d-4aa5-b070-12ebd9739d01
25/2018,6/2018,https://www.haestirettur.is/default.aspx?pageid=0f2f6428-7b6a-11eb-947c-005056bc0bdb&id=f5fd7299-fd01-4065-863d-c27c4caa3376
6/2018,10/2018,https://www.haestirettur.is/default.aspx?pageid=0f2f6428-7b6a-11eb-947c-005056bc0bdb&id=a3ebcb0d-4cdd-426a-a2b9-d1ee16b91c55
285/2018,9/2018,https://www.haestirettur.is/default.aspx?pageid=0f2f6428-7b6a-11eb-947c-005056bc0bdb&id=e1a3d0f7-b79b-4958-8cfd-05af4b5c7db4
6/2018,5/2018,https://www.haestirettur.is/default.aspx?pageid=0f2f6428-7b6a-11eb-947c-005056bc0bdb&id=58996acc-c357-40a4-8b5b-4494586fa838
